id,title,score,author,date,url
154e7xy,This should do alright?,19,Revolutionary-Leg611,1689819527.0,https://i.redd.it/zamqekc151db1.jpg
154rdza,Predictions: Next 1T company?,86,Reddevil44,1689860758.0,
154u1zo,$NFLX trade review / PnL: -1.09 R / R2R: -0.89,0,bigprinttrader,1689866835.0,
155yl3f,I have found my super-power. $TSLA,193,No_Amphibian9546,1689969921.0,https://www.reddit.com/gallery/155yl3f
1564sde,My portfolio so far in yr one,52,Ok-Tumbleweed-984,1689984860.0,https://i.redd.it/zcmrjlinsedb1.jpg
157hxt5,"‚ÄòBarbie‚Äô Opens to Record-Setting $155 Million, ‚ÄòOppenheimer‚Äô Shatters Expectations With $80 Million Debut",1412,WickedSensitiveCrew,1690126659.0,
157vh49,Spotify set to follow Netflix and hike subscription prices,422,hussmann,1690159506.0,https://www.forbes.com.au/news/innovation/spotify-premium-price-hike/
157x7qa,$TDOC Teladoc earnings Tuesday 25th,3,OmegaThree3,1690164383.0,
158adrq,I‚Äôm 15 ad new to the stock market thinking about Netflix,0,Antique-Chipmunk-315,1690204497.0,
15aqkfl,Netflix Makes Terrible Shows,127,Aegon21,1690428373.0,
15bbp1h,A Post-Earnings Review of Alphabet (GOOG),18,AA92,1690487805.0,
15bunwo,Boeing‚Äôs Starliner Program Reaches Staggering $1.1 Billion in Losses,480,Genevieves_bitch,1690543286.0,
15cb06n,"Writers and Actor strike, possible repercussions. Which companies will be hit the most?",1,G1lg4m3sh,1690582730.0,
15epiph,Netflix trying to push it's subscribers to an ad-based model is a bad sign,739,willynillyslide,1690831699.0,
15eqtup,"Ad-Supported Streaming Tiers to Generate Over $10 Billion in Revenue by 2027, Study Predicts",17,msaleem,1690834678.0,
15gdbep,"Just one word from fitch or whatever it is and all the market crash, makes me question about free trade economy.",0,NervousTea1594,1690993288.0,https://i.redd.it/75kxn3383qfb1.jpg
15ggull,Any help much appreciated :),0,Myumat00,1691001271.0,
15h8s5y,"WBD narrows streaming loss thanks to 3x higher content licensing revenue ($410M). More ""co-exclusive"" deals coming.",13,msaleem,1691080041.0,
15kythx,Paramount his 61M subscriber,29,diamondx911,1691446233.0,
15lu2dt,What company is this article talking about?,152,cubsbullsbearsz,1691527981.0,https://www.reddit.com/gallery/15lu2dt
15m1als,The Big D -- A bull case for Disney,211,fredandlunchbox,1691545484.0,
15mqzak,"Disney posts mixed results for quarter plagued by streaming woes, restructuring costs",277,cigarettesandwater,1691613944.0,
15mre9r,Disney to raise price on ad-free Disney+ to $13.99 per month starting October 12,61,toydan,1691614862.0,https://www.cnbc.com/2023/08/09/disney-to-raise-disney-price-for-ad-free-plan-in-september.html
15mxjlu,"Disney says it will crack down on password sharing, following Netflix‚Äôs lead",259,dow366,1691629384.0,https://www.cnbc.com/2023/08/09/disney-says-it-will-crack-down-on-password-sharing-following-netflixs-lead.html
15n265h,"WeWork (2021 - HULU), WeCrashed (2022 - APPLE), WeSoBack (2023 - NETFLIX?)",295,lostredditacc,1691642284.0,
15nmiry,Apple calls and Disney puts?,202,Papoyman_279,1691697241.0,https://i.redd.it/zoowuvve8chb1.png
15oc03h,Why is GRINDR collapsing ?,542,Lyonrra,1691767781.0,
15pe87g,About business strategies,2,LittleJohn___,1691870929.0,
15q9mo1,Is Fang still an option?,40,dangit1590,1691959272.0,
15raa2p,Wallstreet's DWAC DeSPAC Triple Stacker Heart Attack - Extra Greasy,29,BigMoneyBiscuits,1692054292.0,
15rlkzz,My thoughts about Nvidia,0,Beautiful_Cry5004,1692084636.0,
15ul8kc,For the older traders (15+ years ago) what was trading like?,14,dizaditch,1692366861.0,
15v6l9h,Massive Misconception About the Writers Strike,338,No-Fig-8614,1692420709.0,
15wmv56,Good history + recent downturn,49,ernest-shackleton,1692565307.0,https://i.redd.it/xvfvw6dnxbjb1.jpg
15x4wvg,NETFLIX stock analysis,8,ValueAssets,1692617240.0,
15x5u3v,Duolingo (DUOL) DCF Analysis,22,Hanzoisbad,1692619762.0,
15xgbti,"($12,000 down) New portfolio. What do you think?",15,No_Permit_5470,1692643712.0,https://i.redd.it/dpf2aweseijb1.jpg
15yrjo4,Streaming stocks,2,Any-Position7927,1692760226.0,
15z0i83,What stocks/private companies do you wish BRK would have bought (or owned a majority of) in the last few decades?,3,Gay_Black_Atheist,1692788384.0,
15zcinw,Bullish on NVDA ahead of Earnings,20,TheNextPlay,1692815955.0,
15zcql7,"Peloton shares drop 20% after posting wider-than-expected loss, falling sales due to Bike recall, seasonality",209,LOTRcrr,1692816414.0,
161bfdk,One of these things is not like the others... Market close 08/25/2023,149,Citadel_Intern_,1692998050.0,https://i.redd.it/4hl5ht5bobkb1.png
162k6ez,Disney - earnings discussion,309,Mrlee8787,1693122866.0,
16352t5,Netflix to release One Piece on August 31st,0,universal_language,1693177382.0,
164bzkm,"200,000 users abandon Netflix after crackdown backfires",10950,Asleep-Friend-1505,1693295569.0,https://www.forbes.com.au/news/innovation/netflix-password-crackdown-backfires/
164t79q,Hats off to the bulls today. Hope everyone made money!,820,Citadel_Intern_,1693340436.0,https://i.redd.it/apg8c3xgy3lb1.png
165g9w4,SPY Strategy Idea,25,SlamPigFartFucker,1693405703.0,
165tzvv,A Career Regard,40,metalpig0,1693437328.0,
1663lm1,- $3k to +$30k today,581,marsbup2,1693464799.0,https://www.reddit.com/gallery/1663lm1
169rydl,"If you think SAG will get what they're asking for, Short NFLX",82,cowgod180,1693833910.0,
16bnk4e,"Comcast, Disney move up talks to decide Hulu future ownership from Jan 2024 to Sept 30th",69,WickedSensitiveCrew,1694014913.0,
16dacdu,What are your opinions on trailing stop loss orders?,30,Dynasty__93,1694178920.0,
16h0eme,Oracle Debt Ratio 8054%,156,Jareicher,1694546551.0,https://i.redd.it/xjlow9hwkvnb1.jpg
16h7f3z,What's the long term play for the Hollywood strikes?,0,designonadime,1694562929.0,
16hk2vh,just want to know if im on the right path,0,ismaeelll,1694603121.0,https://i.redd.it/n0upz36490ob1.jpg
16iv3u2,NFLX @ major support,3,SafeXanaxYo7,1694728284.0,
16jc91y,Spotify (SPOT) DCF Analysis,6,Hanzoisbad,1694781519.0,
16kh26j,Ultra Bullish on SNAP,90,natokato7,1694895784.0,
16llqea,Bernie Madoff: How did Picower net 100%+ annual returns?,17,hrifandi,1695011401.0,
16o43is,"Hollywood studios, writers near agreement to end strike, hope to finalize deal Thursday",331,WickedSensitiveCrew,1695263580.0,
16pmwyz,PARA has gotten clobbered in the last 2 years. $40 -&gt; $15,54,Quirky-Amoeba-4141,1695420321.0,
16qdndb,Reminiscing on my first NFLX purchase,2400,cautiouslyPessimisx,1695499018.0,https://i.redd.it/sg5ho25x82qb1.png
16r0b7n,"How do I start stock trading? (Not selling, damn SEO ruining search results)",0,commodore512,1695568877.0,
16rz37m,"NFLX average volume &amp; range by weekday, YTD as of 09/22/23",0,GetEdgeful,1695664710.0,
16s814s,What is the biggest position you or anybody else you know off has traded with.,10,ShadowChaser255,1695685821.0,
16sghlx,Netflix's Ultra HD streaming dealt huge blow after being found guilty of patent infringement,54,a_san_38,1695711249.0,https://www.forbes.com.au/news/innovation/netflix-found-guilty-of-patent-infringement-in-germany/
16uxdte,Netflix Shutters Its DVD Rental Business,56,peopleinvested,1695948762.0,https://i.redd.it/a5r1va9ee3rb1.jpg
16vvcnb,Had an amazing September with scalping options ‚åõÔ∏è,427,QuirkyAverageJoe,1696041634.0,https://www.reddit.com/gallery/16vvcnb
16xk884,My Willy-Nilly Stock Portfolio,0,Apprehensive_Ad_4020,1696212480.0,
16y8d8t,SP500 Technical Analysis &amp; Trading Plan for 10/3/23,5,OrderflowTrader,1696280662.0,
16ysni9,Netflix plans to increase prices (and the value of my calls baybeeeeeeeeeeeeeee),722,Mister_Lonely_,1696341485.0,https://finance.yahoo.com/m/d8d15f24-7a47-3658-86f5-bec6de9d4fab/netflix-plans-to-raise-prices.html
16z87rv,Netflix set to raise prices again as share price plummets 16% MoM,8031,Asleep-Friend-1505,1696378397.0,https://www.forbes.com.au/life/entertainment/netflix-set-to-raise-prices-again-despite-password-crackdown/
170tcdn,TSLA TO THE MOON üî•üî•üî•üöÄüöÄüöÄüöÄüöÄüöÄüöÄüöÄüöÄüöÄüöÄüí∞üí≤üí∞üí∞üí≤üí∞,129,KEVIN_OBERRY,1696539926.0,https://i.redd.it/dff63gd88gsb1.jpg
171ku0h,How does it make sense for disney to go up 3% today?,0,YesMan847,1696619192.0,
17407a5,The truth always will out.,344,j_stars,1696878651.0,https://i.redd.it/vev73c1d78tb1.png
174z99o,Does $HIMS have a chance against $AMZN ???,27,Trav_102,1696979874.0,
176xrbg,My plan for 10/13,3,aditap1,1697200606.0,
179e2is,Some Thoughts on the Uranium Theme!,12,f4vs,1697483721.0,
179g3kg,Going to college is an investment in yourself. So do common sense investing rules apply?,178,meshflesh40,1697488804.0,
179i472,Games for everyone: Netflix tests new streaming tech,31,a_san_38,1697493736.0,https://www.forbes.com.au/life/entertainment/netflix-game-streaming-us/
17a6v24,Economic events for the week starting 10-16,4,atiqsb,1697571964.0,
17aag76,"200,000 users abandon Netflix in first drop since 2015 as password crackdown backfires",4351,Asleep-Friend-1505,1697581153.0,https://www.forbes.com.au/news/innovation/netflix-password-crackdown-backfires/
17aw5ve,TSLA &amp; NFLX Earnings Moves Recap,6,___KRIBZ___,1697649762.0,https://www.reddit.com/gallery/17aw5ve
17ay7jd,Stock Market Reactions,3,Ok_Entrepreneur_dbl,1697655042.0,
17azzeu,Netflix shareholder letter - bullish - hoping my Jun 24 calls will print now,19,Mister_Lonely_,1697659563.0,https://www.sec.gov/Archives/edgar/data/1065280/000106528023000272/ex991_q323.htm
17b0y72,Go suck a giant wendys dumpster dick NFLX.,1433,ZealousidealLuck6303,1697662084.0,
17b1osr,Netflix Earnings: Subscribers Swell To Record 247 Million As Stock Soars and New Price Increase Is Introduced,1567,Asleep-Friend-1505,1697663967.0,https://www.forbes.com.au/news/investing/netflix-earnings-subscribers-swell-to-record-247-million-as-stock-soars/
17b5pea,NFLX is the ultimate recession stock.,50,Euro347,1697674753.0,
17bhipn,NFLX vs. TSLA pre-market after earnings yesterday.,15,IP_1618033,1697716977.0,https://i.redd.it/7oexr6k7g5vb1.jpg
17bjoqd,NFLX yolo FTW!,31,Redditlogicking,1697723593.0,
17bjozm,NFLX CALLS GAIN,137,ActionHeroLOL,1697723612.0,https://i.redd.it/wxr41tpxz5vb1.jpg
17bkfnc,First time 5 digit gains,170,eightmoney,1697725579.0,https://i.redd.it/suvpgwbs56vb1.jpg
17bks1x,Netflix shares surge on big subscriber additions despite Hollywood strikes,12,shawnstocks,1697726505.0,https://www.reuters.com/technology/netflix-demonstrates-its-resilience-during-prolonged-hollywood-strikes-2023-10-19/
17bx0dg,Calls on $TSLA?,357,LCDRtomdodge,1697758422.0,https://i.redd.it/qxerz4sfv8vb1.jpg
17c75i3,"r/Stocks Daily Discussion &amp; Fundamentals Friday Oct 20, 2023",20,AutoModerator,1697794211.0,
17d61wp,Rate my Investment portfolio,0,Jroyb,1697904724.0,
17dzk01,How many of you made the mistake of throwing all of your money into the stock market in 2021?,1399,OpinionsRdumb,1697998604.0,
17e29vs,"Down 21k on Christmas, Update",172,Sly_Wood,1698005998.0,https://www.reddit.com/gallery/17e29vs
17fchh2,Net-Flixxxxx! The same business with half the features.,275,GreatTraderOnizuka,1698153125.0,
17fu7ga,Funds were waiting for earnings to justify EOY rally. Taking bullish hedges.,43,Magnasparta1,1698200221.0,
17gclif,"META Earnings Today, why not grab calls?",12,TheNextPlay,1698261326.0,
17h1i4e,NFLX puts gain,54,loleiu,1698340651.0,https://www.reddit.com/gallery/17h1i4e
17hc9j6,Preliminary DD: ROKU,20,Kindly_ReImagination,1698370278.0,
17jsnu3,Value stocks cheat sheet,275,Steve_Mellow,1698670228.0,https://i.redd.it/a7bk4fbn6cxb1.png
17m2ov1,Thoughts on the economics of Spotify (and the audio streaming industry),17,ValueAssets,1698929161.0,
17m3215,The Bad Economics Of The Audio Streaming Industry (Spotify Example),28,ValueAssets,1698930322.0,
17mfzq6,Stock market is rigged for sure,88,Redditlogicking,1698964876.0,
17n0290,Long Netflix setup,2,lalalalikethis,1699031813.0,https://www.reddit.com/gallery/17n0290
17ol0nz,WSJ - S&amp;P 500 Has Best Earnings Quarter in Over a Year,275,absoluteunitVolcker,1699216434.0,
17qubay,Everything you need to know about Disney's earnings,28,TheNextPlay,1699474073.0,
17qwoto,Disney up almost 5% aftermarket after showing Disney+ growth and 7% revenue growth Y.o.Y,144,TweeMansLeger,1699480190.0,
17rnfzo,"Netflix, Warner Bros partner with Verizon to offer discounted streaming bundle",61,WickedSensitiveCrew,1699565051.0,
17s3mhx,Any Bright Future for Paramount?,6,triflingtendency13,1699621603.0,
17sbexb,Thanks WSB friends,70,Mister_Lonely_,1699643715.0,
17t26l0,Sound Investment Symphony: Why $SPOT is Tuned for a Bullish Crescendo in 2023,5,Stonk23,1699732077.0,
17ua6zr,Disney is cheap at this levels,0,danielromero6,1699880660.0,
17udmly,New Movie on Netflix -- The Killer. Anyone else notice the voice over theme could apply to Daytrading?,4,saysjuan,1699890792.0,
17v7a55,The best performing stocks over the last 20 years,1448,naynancy,1699982786.0,https://i.redd.it/qmbihjbhlc0c1.jpg
17vvcfw,My bad guys. Purchased a put option the other day‚Ä¶,3488,jamesluke585,1700060085.0,https://i.redd.it/kee2yqygzi0c1.jpg
17wju7x,"""Magnificent 7"" vs S&amp;P 500?",513,DerpJungler,1700131104.0,
17xouii,"OpenAI‚Äôs Board Pushes Out Sam Altman, Its High-Profile C.E.O.",21,SteelToeAGoGo,1700254589.0,https://www.nytimes.com/2023/11/17/technology/openai-sam-altman-ousted.html?smid=nytcore-ios-share&amp;referringSource=articleShare
17yjja1,OpenAI board in discussions with Sam Altman to return as CEO,706,Worried_Quarter469,1700351058.0,https://www.theverge.com/2023/11/18/23967199/breaking-openai-board-in-discussions-with-sam-altman-to-return-as-ceo
17z1hqz,What companies u have invested in because of ur good customer experience?,38,AH1376,1700413106.0,
17zmjm6,Is Disney stock about to take off?,0,Fresh-Finger-4323,1700480059.0,
17zqp8u,500+ OpenAI employees will quit and join Microsoft unless the board resigns and reinstates Sam and Greg,1722,urfaselol,1700493208.0,
181kdf3,Movie director loses millions on options and crypto using Netflix money.,1092,SwAyWithSkill,1700688814.0,
181lbt7,Which one of y‚Äôall was this,4649,Weatherround97,1700691201.0,https://i.redd.it/t5aozxt34z1c1.jpeg
181mfnw,Why No one talk about Disney anymore?,0,Janiebear23,1700694051.0,
181n6wp,"Netflix director loses $11 million trading options, makes $20 million trading crypto...",11149,stockocean,1700696083.0,
181y918,"Netflix gave a director millions of dollars to create a sci-fi series, but he squandered it on stocks, cryptocurrency, and expensive cars.",2683,Theo_011,1700734954.0,
182c4rd,Squid Game Challenge Players Threaten to Sue Netflix Over Injuries,1415,brookiecookie41,1700776936.0,https://www.forbes.com.au/news/world-news/squid-game-challenge-players-threaten-to-sue-netflix-over-injuries/
18372dl,"Are there good resources regarding industries and businesses for investing? Eg., how certain companies earn their revenues and profit, their business strategy to increase revenues etc.",10,SuitableStill368,1700873058.0,
183kxvd,Disney needs to sell ESPN,230,rifleman209,1700922632.0,
183levi,"Me every single time, before opening any position",134,4mllr,1700924085.0,https://v.redd.it/c71q7qxxbi2c1
183yscy,What US taxes are US non residents required to pay for owning or selling stocks of US companies?,0,daxhns,1700961095.0,
184eedi,Why did people invest with private investors like Madoff when they could just have created their own Fidelity account?,81,jimRacer642,1701015964.0,
18639re,Remember when you all laughed at and downvoted me for buying $afrm,0,Henry1502inc,1701196940.0,
18661um,Should have bought $NFLX the last time I used the Netflix App,58,aHOMELESSkrill,1701203886.0,https://i.redd.it/ih76b6xkg53c1.jpg
188i79a,Apple TV Plus and Paramount Plus reportedly discussing cheap bundle plan to take on Netflix,419,WickedSensitiveCrew,1701453708.0,
18ba8ys,DISNEY AI future,0,BlazingJava,1701776816.0,
18c4qlt,PayPal (PYPL) Has a Compelling Case,117,ahoyakite,1701871718.0,
18ge6yv,Netflix will host live tennis match between Nadal and Alcaraz,8,brookiecookie41,1702357472.0,https://www.forbes.com.au/news/sport/netflix-will-host-live-tennis-match-between-nadal-and-alcaraz/
18h7v23,What is $WING putting in that chicken? PE ratio of 107?!?!,174,Kiwi_Driver,1702439502.0,
18hjd66,Netflix: Users spent 812 million hours watching The Night Agent,0,Mister_Lonely_,1702481474.0,https://www.bbc.co.uk/news/business-67688722
18lb2ih,Bullish and Bearish Momentum Stocks for 12/18/2023,1,intraalpha,1702912512.0,
18ls2i6,Netflix Is Going Down,7990,B3stAuD1t0rofA11tiME,1702956699.0,
18m3ev1,What is your best Deal?,141,A_nilsen,1702996810.0,
18n5g85,Warner Bros. Discovery in talks to merge with Paramount Global,292,WickedSensitiveCrew,1703106988.0,
18n9e2s,Peter Lynch is famous for saying ‚ÄúThe best stock to buy is the one you already own‚Äù,350,YBYAl,1703117518.0,
18nw2zh,Warner Bros and Paramount merger,13,Tjeckster,1703189496.0,
18obad1,Tesla short shorts are back,148,PabloEscobar322,1703238363.0,https://i.redd.it/e6yo7vb4it7c1.jpeg
18pjed1,Top picks for 2024? Let‚Äôs go!!,285,Swimming_Internet362,1703378490.0,
18q5s42,Need help with a search term,13,meowmeowMIXER8,1703458156.0,
18t8uzj,"""Outside of the Magnificent 7, the rest of the S&amp;P 500 did nothing.""",279,budgetFAQ,1703808601.0,
18t9qzw,Seeking Advice on Reallocating Tech Stock Profits to IRA: Long-Term Gains vs. Retirement Planning,3,RandomDude4548,1703811028.0,
18tay8n,Investing in companies you don't use or even hate.,45,KBiddys,1703814427.0,
18trg8t,Earnings Strategy: Capitalising on IV Rush,14,___KRIBZ___,1703868458.0,
18u19qu,Sell off individual stocks and reinvest in ETFs?,3,CuteCatMug,1703893982.0,
18wlv24,NFLX bullish on earnings,8,GreenSog,1704189348.0,
18x9f1g,Americans Are Canceling More of Their Streaming Services,1136,absoluteunitVolcker,1704253168.0,
18z5dzf,Most hated stocks on Reddit?,220,Rainwalker_40,1704456390.0,
18zoxyf,Cashing in on weight-loss drugs WITHOUT investing in pharma companies.,29,_BreakingGood_,1704507864.0,
18zrhs3,Boeing is so Screwed,19665,akopley,1704515615.0,https://i.redd.it/o3cdskw10rac1.jpeg
191vv6f,Boeing help OceanGate design the prototype. We should have seen this coming.,105,workinguntil65oridie,1704747593.0,https://i.redd.it/hymo04au5abc1.jpeg
194a0iu,Has anyone literally done random picks trading?,0,chewie8291,1705001045.0,
194ahz9,HIMS is undervalued and has a lot of potential,0,---Shadow---,1705002250.0,
196f7w3,Value Area Bounce?,0,crystal_castle00,1705236687.0,https://i.redd.it/x8kinr26kecc1.jpeg
197uv9e,Offsetting Previous Losses While Continuing to Invest for the Future,2,name_nt_important,1705382169.0,
197wko5,Netflix share price is up 50.8% over 12 months after it cut its annual production by more than 100 shows,2019,AtmosphereNo6743,1705387906.0,https://www.forbes.com.au/life/lifestyle/netflix-cuts-100-show/
1988af1,Nobody asked but I averaged Altman‚Äôs Z-Score for every public company (Ex financials/SPACS/Holdcos) and the results are not great.,18,2ndSifter,1705425700.0,https://i.redd.it/49rz70976ucc1.jpeg
199wyj4,Why I don't think NVDA party gonna last,0,Appimaness,1705602478.0,
19a34df,YouTube and Spotify join Netflix in No Launch Apps for Apple Vision Pro AR headset,138,s1n0d3utscht3k,1705617575.0,https://www.bloomberg.com/news/articles/2024-01-18/youtube-and-spotify-join-netflix-in-not-launching-apple-vision-pro-apps
19a8bg1,UBS expects Netflix to report accelerating revenue and operating income in Q4 By Investing.com,0,tearslikesn0w,1705631760.0,https://www.investing.com/news/stock-market-news/ubs-expects-netflix-to-report-accelerating-revenue-and-operating-income-in-q4-432SI-3277577?utm_medium=whatsapp&amp;platform=iOS&amp;shareID=e8f295a4991538020f6727465d21a08d&amp;invite=QRGYVG&amp;lang=en_US
19aobn7,"Most Anticipated Earnings Releases for the week beginning January 22th, 2024",403,ItsNotYourFault,1705684860.0,https://i.redd.it/qhcve1yokfdc1.png
19b349i,Can Disney+ beat Netflix now,0,Janiebear23,1705724214.0,
19bsugh,Economic events and potential earnings for next week,47,jaltrading21,1705804174.0,https://i.redd.it/1vqscbjlfpdc1.png
19c5e3s,Wall Street Newsletter S03E06: All-time highs are here. What's next?,34,DesmondMilesDant,1705849801.0,
19c5iic,(Bloomberg) Apple Vision Pro deliveries are delayed to March,261,LackingStory,1705850131.0,
19cfilp,Could 2024 be Disney's year?,75,LackingStory,1705875446.0,
19cl1mh,The $3500 Apple Vision Pro has arrived - but you can't use Netflix or YouTube on it,3557,AtmosphereNo6743,1705890951.0,https://www.forbes.com.au/news/innovation/apple-vision-pro-wont-have-access-to-netflix-or-youtube-at-launch/
19dlgpy,"r/Stocks Daily Discussion &amp; Technicals Tuesday - Jan 23, 2024",12,AutoModerator,1706005809.0,
19dmxd0,Analysis shows surprisingly that the domestic streaming market has room for growth.,14,LackingStory,1706011481.0,
19dnm15,NETFLIX TO STREAM WWE RAW - LET THE BER SMACKDOWN BEGIN,194,Mister_Lonely_,1706013914.0,https://www.ft.com/content/6ae38ad3-39e4-4203-83f1-8b12b7170e08
19dnmsy,Netflix to stream WWE‚Äôs Raw starting next year in its biggest jump into live entertainment,169,_hiddenscout,1706013984.0,
19dqonp,NFLX $420 bounce on earnings?,2,Happy_McDerp,1706023037.0,
19dqsro,These are the stocks on my watchlist (1/23),3,WinningWatchlist,1706023352.0,
19dt6z2,12k Netflix YOLO (not a recommendation play like my previous TRV play),106,Gambled4MyRangeRover,1706029444.0,
19dz3d9,$NFLX Earnings Thread,43,charade_philosopher,1706044209.0,
19dz9g9,"Netflix adds 13.1 million subscribers, tops revenue estimates as membership push gains steam",798,WickedSensitiveCrew,1706044621.0,
19e0f3k,Netflix password crackdown pays off as subscriber surge sees stock hit two-year-high,1114,AtmosphereNo6743,1706047467.0,https://www.forbes.com.au/news/investing/netflix-stock-soars-toward-two-year-high-as-subscribers-surge/
19e1rc8,Question about Netflix subscriber/EPS news,3,Dreamtheory1000,1706050833.0,
19e2mj7,Netflix‚Äôs stock surges following huge subscriber growth and increased revenue that tops expectations,217,Brendawg324,1706053110.0,https://www.cnbc.com/amp/2024/01/23/netflix-nflx-earnings-q4-2023.html
19e39eg,Yolo NFLX,0,Ok-Organization8784,1706054809.0,https://i.redd.it/2ch9za5v4aec1.jpeg
19e8b9s,NFLX beat has made me bearish on theatre stocks and SBUX looks like it wants to die.,2,Magnasparta1,1706069583.0,
19ejgw0,Netflix Subscribers,0,Honestyonly22,1706109573.0,
19ejk4o,These are the stocks on my watchlist (1/24),0,WinningWatchlist,1706109801.0,
19ep1p5,Netflix is soaring after 13mil sub gains; how much of that growth is attributed to password sharing?,69,LackingStory,1706124878.0,
19essls,Netflix gains,72,Fkthisst93,1706134031.0,https://www.reddit.com/gallery/19essls
19ev0kd,Best. Day. Ever.,245,jroth55,1706139637.0,https://www.reddit.com/gallery/19ev0kd
19f5udh,Possible offer for Paramount PARA,3,BehaviorFin,1706176388.0,
19f9o5p,Netflix vs Tesla,0,drew1027,1706190316.0,https://www.reddit.com/gallery/19f9o5p
19fcdy7,Comcast stock jumps 5%; +7% up in dividend; 15bil buybacks; double beat but lost x2 broadband (34k); Cable (389k) &amp; Peacock lost ($825mil).,102,LackingStory,1706197822.0,
19fekmt,Netflix. Too late? Or right on time.,0,acmoneyboi,1706203441.0,
19fi2bg,YOLO Update,11,mastagoose,1706212234.0,https://www.reddit.com/gallery/19fi2bg
1abxzca,"Tech layoffs balloon in January as Wall Street rally lifts Alphabet, Meta, Microsoft to records",304,Quixotus,1706316347.0,https://www.cnbc.com/2024/01/26/tech-layoffs-jump-in-january-as-alphabet-meta-microsoft-reach-high.html
1abzinr,good looking setup for next week AMZN ABNB NVO NFLX,0,Designer_Giraffe3752,1706320816.0,
1ac2gdc,"Vince McMahon, WWE founder, resigns amid sex trafficking allegations | $NFLX",820,Bob_Hartley,1706329993.0,https://www.cnn.com/2024/01/26/investing/vince-mcmahon-wwe-founder-exits-tko/index.html
1ac5syh,How do you determine your exit point?,63,Rainwalker_40,1706342292.0,
1acf1e5,Netflix insiders sold shares worth $71 mln in January. Record monthly sales volume for last 3 years üòÄ,522,ChampionshipUsed9855,1706373986.0,https://i.redd.it/lf939iwxh0fc1.jpeg
1acusn2,Challenge my trade list for next 1/29/24 week!,1,Designer_Giraffe3752,1706418188.0,
1acv8by,BIG WEEK AHEAD,282,Goldonthehorizon,1706419700.0,
1ad6vdf,Netflix's stock soared w/ 13mil sub driven by the password sharing crackdown. Can other streamers replicate that as a driver for growth?,158,LackingStory,1706460387.0,
1adjfgi,Who should replace Tesla as the newest member of the ‚ÄúMag 7?‚Äù,863,Brendawg324,1706492904.0,https://i.redd.it/ngrxcmpjbafc1.jpeg
1adkd6e,Netflix is raising prices (again) by killing its cheapest ad-free plan,2822,AtmosphereNo6743,1706495712.0,https://www.forbes.com.au/life/entertainment/netflix-is-set-to-raise-its-prices-yet-again/
1ae5udv,$TKO - A ticking timebomb in the entertainment sector,34,Copperhead881,1706561465.0,
1aer6cx,My thoughts on Netflix (WTD +16.8%),1,kd__100,1706628924.0,
1aev560,"People are scared of FOMC / QRA. Eff it, I'll do it myself - 12k on AMD &amp; 50K on NASDAQ",73,Gambled4MyRangeRover,1706638593.0,
1afh62m,How to find stocks to trade,2,West_Sprinkles_791,1706705585.0,
1afmco0,We went from FAANG to Mag7 to AI5...what will be the next stock grouping to lead the way?,319,PizzaMan22554,1706719864.0,
1agpkph,"42 yrs old, $2.55M saved - 8 years of investments in VTSAX are stuck with average cost basis - how do I account for this when determining if I‚Äôm ready to retire early?",0,Acrobatic_Maximum_78,1706831571.0,
1ah1ift,Amazon stock analysis: Why it's my only holding in my portfolio,241,DanielzeFourth,1706873146.0,
1ahe0po,MSFT EARNINGS YOLO UPDATE,20,rsaari13,1706907377.0,https://i.redd.it/qboyzhjzj8gc1.png
1aiol8j,Netflix (NFLX) DCF Analysis,75,Hanzoisbad,1707055435.0,
1al4tvg,Disney (DIS) Analysis,44,bigfellasteve69,1707317909.0,
1alxfe7,What company will be a household name in the next 5-10 years?,876,DoU92,1707403861.0,
1aq7nie,Expectations and Realizations on the current state of the Market,17,JFSM01,1707866057.0,
1arh636,Thanks to intel on Intel,50,gunfell,1708008732.0,https://www.reddit.com/gallery/1arh636
1artuss,Microsoft / OpenAI Sora,28,Mister_Lonely_,1708040181.0,
1asa762,I‚Äôm Free üéâ,215,mastagoose,1708094499.0,https://www.reddit.com/gallery/1asa762
1asav99,COIN 2/16 $170 Call,17,MinimumValuable6663,1708096167.0,https://www.reddit.com/gallery/1asav99
1asf1u4,$DKNG YOLO ‚ò†Ô∏è,87,babydiwa,1708106340.0,https://www.reddit.com/gallery/1asf1u4
1asiun1,Truly one of us,32,thecuzzin,1708115701.0,https://www.reddit.com/gallery/1asiun1
1atzzen,Summary of stock market performance,36,Daddy_Masterson,1708278565.0,
1auf85h,Berkshire Hathaway question,0,jeffsmith202,1708319291.0,
1aumxf7,‚ÄúIf only I invested in that company when I first started using their product‚Äù,858,DoU92,1708348238.0,
1avjnjt,Why is Walmart doing so good during today???,42,NicNac_PattyMac,1708441225.0,https://i.redd.it/0xmlihow8rjc1.jpeg
1awiq4u,Trading view inaccurate price data,7,NealZ06,1708538560.0,https://www.reddit.com/gallery/1awiq4u
1ax73as,"SQ &amp; CVNA earnings tonight, tendies will go brrrrr brrrrrrrrrrr",926,Green-Corgi3945,1708610493.0,
1ay6vn2,"Warner Bros. Touches All-Time Low on Ad Woes, Studio Weakness",212,LackingStory,1708710653.0,
1ayflqo,I had a motley fool subscription back in 2020-2022. Do we think their highest conviction stock picks report from 2022 will be right?,31,Sherbear1993,1708731866.0,
1az0nzm,Teaching Kids About Stocks,113,TheBarnacle63,1708797125.0,
1b10ti3,"Um predicting second picture untill tesla 250, what you all think",0,beeffypanda,1709001881.0,https://www.reddit.com/gallery/1b10ti3
1b1kg1z,"Streaming to Overtake Pay TV Subscription Revenue in the U.S. This Year: it will hit $17.3 billion, topping $16.7 billion from pay TV.",110,LackingStory,1709061797.0,
1b1p1mq,NVO - Nova Nordisk - The Perpetual Tendy Making Machine Hypothesis,15,Appropriate_Reply703,1709072696.0,
1b1xnk9,"Disney goes on the offensive with 8 counterclaims to Peltz's in a ""Fact vs Fiction"" page. Shareholder meeting is set for April-3rd with Peltz having a &lt;2% share.",6,LackingStory,1709096294.0,https://www.reddit.com/gallery/1b1xnk9
1b2akrw,MARA through earnings?,36,PastDog4806,1709138558.0,https://i.redd.it/23c7flifuclc1.jpeg
1b37byx,"Nvidia has peaked, time for Warner Bros",370,Z-Mobile,1709231067.0,
1b3nv12,(Reuters) Walt Disney's grandchildren back CEO Iger and current Disney board and slam activist investors.,545,LackingStory,1709275643.0,
1b3rlrq,r/DayTrading's Monthly Questions Thread - March 2024,8,AutoModerator,1709290826.0,
1b3xvkb,"Once a Hot Stock-Market Trend Has a Name, Its Best Days Are Likely to be over",157,Vast_Cricket,1709309061.0,
1b3zmhb,"Once a Hot Stock-Market Trend Has a Name, Its Best Days Are Likely too late",0,Vast_Cricket,1709313185.0,
1b4ipop,Using Impulse MacD,1,Blazor-,1709365059.0,https://www.reddit.com/gallery/1b4ipop
1b7ivh8,Streaming Services a BUY right now? (WBD &amp; DIS),2,Due-Firefighter3206,1709678142.0,
1b7ov2k,I Come Bearing (Anomalous) Gifts,3,Rocket_10DD,1709693955.0,
1b8t7je,Takeaways from Morgan Stanley Media &amp; Technology Conference: Q&amp;A with Bob Iger March-5th:,14,LackingStory,1709813749.0,
1b9c9ta,Costco misses holiday-quarter revenue expectations despite online growth,348,Puginator,1709863974.0,
1b9nx9w,$WBD Lisan al Galib,7,jingYangTheGoat,1709904512.0,https://i.redd.it/fcof1ac044nc1.jpeg
1bcque9,Netflix may rise prices again after cancelling its cheapest ad-free plan,1078,Acceptable-Cut-4322,1710226380.0,https://www.forbes.com.au/life/entertainment/netflix-may-be-about-to-raise-prices-yet-aga/
1bdxsze,Case for a Peloton rebound ,0,Chemical_Use_7349,1710352149.0,
1bg7tfv,A story about a trader's development from cautious piker to elite trader across ten years,233,stockscalper,1710600745.0,
1bh7dwb,50k profit 0dte NFLX puts,63,stickynapkin21,1710706562.0,https://www.reddit.com/gallery/1bh7dwb
1bi7o2n,NVDA's Wall of Calls,3151,dj_scripts,1710810171.0,https://i.redd.it/t5a144yzw6pc1.png
1bjc12e,I'm a full time trader and this is everything I'm watching and analysing in premarket ahead of FOMC meeting today.,160,TearRepresentative56,1710936992.0,
1bjj2ih,"Trading 21x, Disney is below its average &amp; Netflix's 32x. Next earnings call should be a significant catalyst. Now at $115:",84,Fresh-Finger-4323,1710955628.0,
1bk5tag,Amazon (AMZN) DCF Analysis,28,Hanzoisbad,1711025569.0,
1bkdahp,How are people trating Paramount?,0,trueslicky,1711044919.0,
1bnmvzo,Barclay upgrades Disney expecting streamer profitability sooner than guided &amp; to achieve 25-30% margins. DIS is up 3% today; up 30% YTD,231,Fresh-Finger-4323,1711395833.0,
1bpkxi5,(Forbes) Disney shares rally on analyst optimism and revised estimates as Disney heads for its best calendar Q1 since the year 2000:,185,LackingStory,1711594200.0,
1bpw6zj,Any prop firms that allow swing trading equities?,1,infinitude_21,1711634088.0,
1bqq2iz,"You missed META, NFLX, GOOGL? Try AAPL",419,False_Secret1108,1711720999.0,
1bqv3qx,"You missed META, NFLX, GOOGL? The answer isn't AAPL, its actually UNH",0,Heavy_Structure_8901,1711733665.0,
1bslcft,TKO - Owning  UFC and WWE could net you a FCF yield of 7-9%,19,WedWealthist,1711920210.0,
1bslgkz,TKO - Owning  UFC and WWE could net you a FCF yield of 7-9% at current stock price. ,112,WedWealthist,1711920499.0,
1buyjxb,"Disney wins proxy fight with Peltz‚Äôs Trian, as shareholders reelect full board ",691,Puginator,1712165234.0,
1bvajqa,Top 50 Stocks of the S&amp;P500 by Trailing Twelve Month Total Return,20,EvergreenLiveOak,1712193904.0,
1bwpl5n,Ramblings of a Remora: The size of the future AI market is truly hard to fathom and it's impact hard to imagine.,10,Ciabattabingo,1712342419.0,
1bx9kfe,"Buy, or sideline SPOT?",3,Ill_Try1620,1712403902.0,
1bxjsoc,Plays for The Holy Trinity Next Week,123,Fuman20000,1712431350.0,
1bxve1t,Changing my Roth IRA from VOO to 10 individual stocks,0,teacher1231231234,1712463559.0,
1bynsdw,This week's game - a secular rally coming?,72,Agreeable_Ice_4774,1712546794.0,
1c05x9y,"Disney+ confirms it is cracking down on password sharing, as Bob Iger says 'Netflix got it right'",2229,Similar_Diver9558,1712703280.0,https://www.forbes.com.au/news/innovation/disney-is-cracking-down-on-password-sharing/
1c0obre,Sea of blood,33,OrangeExtra5306,1712762871.0,
1c1c75g,Breaking Point or Making Point?,0,AccomplishedBag6346,1712833215.0,
1c1i7l2,Disney (DIS) DCF Analysis,0,Hanzoisbad,1712849961.0,
1c1lg61,Match Result: TKO,9,Madridcity11,1712857964.0,https://i.redd.it/5flqe6x42wtc1.jpeg
1c2hu1x,"Debating which stock to add next to portoflio: UNH, MCD, HD, or PEP?",1,ElectricOne55,1712949831.0,
1c2q2s4,Call Credit Spreads 3 Month Update. $58k - $204k,295,mastagoose,1712971650.0,
1c3bwd0,Netflix earnings April 18th,71,whatsinthiscoff33,1713041624.0,https://i.redd.it/v9fvj3y88buc1.jpeg
1c3m3zo,"I see most celebrating their puts, wars are bullish for the market . The upside on Monday is going to be massiveüöÄüöÄüöÄ",883,LeverageMax,1713073174.0,https://i.redd.it/nefv0772uduc1.jpeg
1c46nh0,This week's game - buy to win this earnings season,33,Agreeable_Ice_4774,1713134962.0,
1c4wan2,Tesla execs Drew Baglino and Rohan Patel depart as company announces layoffs,1059,Puginator,1713212102.0,
1c5dk5q,Netflix Q1 Earnings 2024: Can the Streaming Giant Continue to Impress?,0,Weekly-Ad-5963,1713266353.0,
1c5hfx4,Is it Time to Bail on Apple?,0,reignmade1,1713277580.0,
1c6u8xz,My dad says that Netflix will go down tomorrow after earnings,1843,Optimal_Land7816,1713413460.0,
1c74xaa,These are the stocks on my watchlist (4/18),0,WinningWatchlist,1713450977.0,
1c789gs,"Implied, Average and Last Earnings Move For Tomorrow Releases",6,___KRIBZ___,1713459168.0,https://i.redd.it/29rbz73tp9vc1.png
1c7di7s,NFLX really f*cked everyone up,1820,DisastrousPlace1309,1713471667.0,https://i.redd.it/89v1w5qzqavc1.jpeg
1c7e421,Netflix blows past earnings estimates as subscribers jump 16%,1141,Puginator,1713473119.0,
1c7e5w9,"NBA‚Äôs exclusive TV rights negotiating window with ESPN, Warner expected to pass without a deal",25,Puginator,1713473248.0,
1c7h5qt,What does NFLX‚Äôs earnings mean for DIS on May 7?,12,Studio_2,1713480637.0,
1c7jhj5,Netflix reports record profits after $9.4 billion quarter as subscriber growth smashes estimates,339,Similar_Diver9558,1713486907.0,https://www.forbes.com.au/news/innovation/netflix-reports-record-profits-as-subscriber-growth-tops-estimates/
1c7k08v,META puts and TSLA calls?,25,Firesnowing,1713488439.0,
1c7l16j,Dow Jones Futures Tumble On Iran Explosions; Stock Market About To Break Power Trend,366,RaidenZ99,1713491492.0,
1c7mhlh,I hope my son shorted NFLX,85,OkBid71,1713495863.0,
1c7us8g,I'm a full time trader and this is everything you need to know in premarket 19/04 after Israel retaliates against Iran.,367,TearRepresentative56,1713527002.0,
1c7wwwr,These are the stocks on my watchlist (4/19),2,WinningWatchlist,1713533338.0,
1c80xdz,Embracing Market Dips: Why I'm Sticking to My Boglehead Strategy,0,Youtube-Gerger,1713543498.0,
1c812rm,Hulk day,3,CryptographerOk4571,1713543844.0,
1c85ilh,Nasdaq falls 2% in sixth straight losing day as Nvidia and Netflix slide ‚Äî CNBC,186,Frosty_Distribution0,1713554729.0,https://stocks.apple.com/AG3GWQwEiQPqp9cESvQjA1Q
1c8amu4,Netflix has added 9 million subscribers since controversial password crackdown,31,Similar_Diver9558,1713567598.0,https://www.forbes.com.au/news/innovation/netflix-has-added-9-million-subscribers-since-controversial-password-crackdown/
1c9regp,4/26 SMCI &amp; NVDA Puts,41,Jeffinslaw,1713730261.0,
1caom98,Netflix Stock Tumbles Friday‚ÄîWhy Analysts Say They‚Äôre Still Bullish on the Streaming Giant,29,Chenz-Theking-3156,1713826104.0,https://www.investopedia.com/netflix-stock-tumbles-friday-why-analysts-say-they-are-still-bullish-on-the-streaming-giant-8636160
1cazimr,Meta earnings out tomorrow!! Where will meta go?,107,Glittering-Initial84,1713861366.0,https://i.redd.it/3552j1nrx6wc1.jpeg
1cbei70,Tesla earnings are out ‚Äî here are the numbers,1627,Puginator,1713902903.0,
1cbes9w,Tesla's earnings missed analysts' estimates,4635,coco88888,1713903575.0,https://i.redd.it/dftxy0x9fawc1.jpeg
1cbf09z,Visa earnings $5.1 billion profit on $8.8 billion revenue ,927,WoodKite,1713904097.0,
1cbfuwk,"NFLX Baad , TSLA Goode - I am done with earnings.",673,random_numb,1713906149.0,
1cc8qds,Please don‚Äôt hurt me thetagang,57,ryan9991,1713990593.0,https://i.redd.it/1yzxo8w0mhwc1.jpeg
1ccc3qp,META Q1 Earnings ‚Äúshock‚Äù makes it ultimate YOLO Play,28,dinner_is_not_ready,1713998974.0,
1ccn9ai,The Next Big Thing,70,Alpha69er,1714035750.0,
1ccs7c6,Netflix started this red ber hell,2,Mister_Lonely_,1714052393.0,
1ccshql,AMZN is way oversold,26,ongo_glabogian,1714053139.0,https://i.redd.it/uifm2t80smwc1.jpeg
1cd1cef,"Google jumps more than 10% in post-market, introduces first ever dividend.",2660,Illustrious-Option-9,1714075899.0,
1cd5pcu,GOOGL,57,Mountain_Dimension78,1714086512.0,https://i.redd.it/xj1617p8jpwc1.jpeg
1cdzi4c,"$NFLX Swing Trade Rationale! Call, $567.5, Exp. 5/3",5,Playful_Scientist956,1714173009.0,
1cef4kq,Charts are overrated - how to test out data trading,4,MiamiTrader,1714226232.0,
1cfdoi5,TKO Holdings - Q1 2024 Earnings Play,8,embanot,1714329937.0,
1cfe6nt,"Long time viewer, first time poster. I‚Äôm well regarded?",49,ExtraHour9668,1714331156.0,https://i.redd.it/z7cs3a2pq9xc1.jpeg
1cgaw6z,How to navigate current market,0,HauntingArtichoke830,1714425776.0,https://i.redd.it/kfxu79r1khxc1.jpeg
1cggcvr,My current strategy,15,HauntingArtichoke830,1714439988.0,https://i.redd.it/9iqv6d3bqixc1.jpeg
1cgnyv1,Puts on Netflix? Will it go to 450?,80,ChemistryExciting703,1714466526.0,https://i.redd.it/3j1fnyu7xkxc1.jpeg
1cgpfy4,Netflix per capita revenue only increases in North America,1352,ShainDE,1714472552.0,https://i.redd.it/eei6frkzelxc1.png
1cid0rc,"Peloton CEO Barry McCarthy to step down, company to lay off 15% of staff",766,Puginator,1714648469.0,
1cj7z6j,Disney Going Forward,9,Bluefrog75,1714740886.0,https://cosmicbook.news/disney-annuals-bombs-list-marvels-indiana-jones
1cjmhu1,DIS (Disney) will fall 10%+ on earnings because:,1150,rayrayrex,1714779400.0,
1cjn9a3,What stocks should I add to my portfolio?,71,FollowingNew3973,1714781665.0,https://i.redd.it/5cep439ayayc1.jpeg
1clprl4,"Video streaming services see downloads, active users drop in April, BofA report shows",12,ShainDE,1715018826.0,https://www.reuters.com/technology/video-streaming-services-see-downloads-active-users-drop-april-bofa-report-shows-2024-05-06/
1clxtwa,DD: $TKO will SKY ROCKET after earnings on Wednesday,118,Knozis,1715039229.0,
1cm2dx6,"Rivian is no longer a Wall Street Darlings, Earnings are a catalyst for 3X returns for weekly put options holders",19,Optimal_Land7816,1715052815.0,
1cn9lsy,Robinhood Q1 Earnings - Is It A Trap?,37,Terrapinz,1715187647.0,
1cnzucm,"Disney &amp; Warner collaborate to bundle their streaming services Disney+/Hulu &amp; Max, starting this summer.
",384,LackingStory,1715268082.0,
1co0zc9,Scatterchart/plot?,2,12Craigy,1715271016.0,https://i.redd.it/7qa606oddfzc1.jpeg
1crt0v8,"Comcast offers subscribers Peacock, Netflix and Apple TV+ bundle",6,Puginator,1715695575.0,
1cruuoc,"Comcast to bundle Peacock, Apple+ and Netflix. ",148,LackingStory,1715700278.0,
1cslyof,Netflix secures two NFL games in sports streaming shakeup,18,toydan,1715782762.0,https://finance.yahoo.com/news/netflix-secures-two-nfl-games-in-sports-streaming-shakeup-141347717.html
1csmopv,Netflix to stream Christmas Day NFL games for three years ,68,Puginator,1715784587.0,
1csn43y,These are the stocks on my watchlist (5/15),0,WinningWatchlist,1715785658.0,
1cst7bq,Netflix ad-supported tier has 40 million subscribers ,259,Puginator,1715800639.0,
1csxagi,these fuckers burned down my whole town with fire now they're going to moon without us,587,ManifestTendys,1715811032.0,
1ctmc41,"I came across this comment from 6 years ago where someone proposed ""the Neckbeard Index"". It's VASTLY outperforming SPY.",431,Starks-Technology,1715889877.0,
1cu2y0q,"I'm a full time trader and this is everything I'm watching and analysing in premarket 17/05, including positioning updates for SPX, Gold, Oil, VIX, GER40 etc ",10,TearRepresentative56,1715945764.0,
1cwtpxz,"Netflix is raising its subscription prices by another 11%, CEO confirms",8070,Similar_Diver9558,1716247814.0,https://www.forbes.com.au/life/entertainment/netflix-raises-subscription-prices-for-australian-users/
1cwz7yt,is FAANG the ultimate way to go?,2,Defiant-Tomatillo851,1716264859.0,
1cxc2ej,"Comcast Reveals Pricing for Netflix, Peacock, Apple TV+ Bundle; $15/month",196,Puginator,1716308932.0,
1cxc3sk,Pixar is laying off 14% of its workforce as Disney scales back content ,816,Puginator,1716309025.0,
1cxyk9t,"I'm a full time trader and this is my total pre market cheat sheet, including positioning analysis on US markets, NVDA, TSLA and FX. ",59,TearRepresentative56,1716379399.0,
1cz1gt2,Please don't put a pin in that balloon,5104,Ok-Buddy-Sure,1716492759.0,https://i.redd.it/grxegvo0a82d1.jpeg
1cz6d5s,Who here is NOT just blowing prop accounts and having mental breakdowns?,23,Dynomeru,1716505427.0,
1czsubr,Trading with XTB on delayed prices - where's the catch?,1,major_kontrol,1716578283.0,
1d0ax71,Match Group (MTCH) DCF Analysis: Hinge and Tinder,12,Hanzoisbad,1716640031.0,
1d0k7ey,What‚Äôs the bull case for Netflix?,146,Annual_Negotiation44,1716667202.0,
1d0sycg,Top stocks in AI ecosystem,226,classicalAsp,1716695620.0,https://i.redd.it/oc2e5shg1p2d1.jpeg
1d0yx2n,What happens to NVDA when china invades taiwan? I guess infrastructure can't be airlifted overnight... What other stock is invasion proof?,613,Mother-Platform-1778,1716721296.0,https://i.redd.it/xa7rbpus5r2d1.png
1d1vqeh,Question about my LEAPS - NVDA &amp; NFLX,0,N9149U,1716827780.0,
1d2heyk,28 may 2024,0,No-Growth-5724,1716896519.0,
1d2rz4n,Is WYNN Stock a good investment?,17,AvidMenchiesConsumer,1716924304.0,
1d59dkx,Magnite (MGNI): A Hidden Gem with Explosive Potential Due to Low Float and Strong Partnerships,14,letitglowbig,1717198325.0,
1d6t5yh,Recurring investing based on predefined percentage,5,United_Transition627,1717379104.0,
1d758m7,2 year follow-up on buying the dip on pandemic stocks,107,gabe736,1717423475.0,
1d8e3zw,"Consumer Apparel one month view, list on right side. Lulu oversold?",62,MonkeyFootMike,1717551235.0,https://i.redd.it/qka6dfgapn4d1.jpeg
1d8uko4,Good month to be a regarded degen,64,FuFuTree,1717605925.0,https://i.redd.it/x6nws3a98s4d1.png
1d97xm4,"Canada demands 5% of revenue from Netflix, Spotify, and other streamers",3024,FoldItBackandSlapIt,1717641746.0,https://arstechnica.com/tech-policy/2024/06/canada-demands-5-of-revenue-from-netflix-spotify-and-other-streamers/
1da8sen,"I'm a full time trader and this is everything I'm watching and analysing in premarket, including full expectations for NFP based on the positioning data and a look at VIX. ",34,TearRepresentative56,1717761276.0,
1damgtk,50 Most Valuable Companies Worldwide ,83,Phyl98,1717796036.0,https://i.redd.it/xhittl2kx75d1.jpeg
1dbvyv3,Bear Case: Why I believe Alphabet will do everything right and still lose,288,Think_Ad8198,1717945881.0,
1dcpxnb,"Hey guys, I'm paper trading with Webull...",0,CoinDove,1718037417.0,
1dd1p40,"What's the point of ""growth"" stocks with nowhere to grow?",447,Kingding_Aling,1718067479.0,
1de7cgj,Fear that I've already missed out (the opposite of FOMO)?,50,one_ugly_dude,1718200771.0,
1dealrz,Is this good enough,19,Radicalproplayer,1718209041.0,https://i.redd.it/54s5y8sm166d1.jpeg
1dek1fu,"Sony Pictures is buying Alamo Drafthouse, becoming the first studio in 75 years to own a theater chain",246,WickedSensitiveCrew,1718232853.0,
1dftdgq,"1948 ""Paramount Decree"" ended in Aug. 2022... just learning about this now!",12,Jumpy_Speech3444,1718378440.0,
1dfzl73,The market is NVDA. Put everything on NVDA and retire. Unstoppable stock,2204,Swatieson,1718394685.0,https://i.redd.it/487awypjdl6d1.png
1dhfpqj,My NVDA strangle and my ghey bear grandson. ,406,Exact_Crazy_9263,1718567530.0,
1dkqrut,"Losing sucks! Thankfully, today was a breakthrough! (Highly suggested for beginners)",31,CLEVAkEV,1718929173.0,
1dkri9l,Netflix Launches Its Own Line of Popcorn for $4.50 a Bag,478,Puginator,1718931418.0,
1dl6jgi,What are your favourite large caps stocks to day trade?,3,Ronces,1718983195.0,
1dlef1e,I created a python library for automated trading using E-Trade‚Äôs API,6,mason-krause,1719003315.0,
1dlkr00,To all that made bank off NVDA pootsüçª,52,avgDegen,1719021635.0,https://i.redd.it/bm7is6aw518d1.jpeg
1dnh4k2,Would you consider this an edge?,0,Stonkslifestyle,1719245069.0,
1dnn8ii,Netflix gain in Roth,38,xTooGoDLy,1719260205.0,https://i.redd.it/yx0um9aavk8d1.jpeg
1dphcup,What is stopping me from getting infinite free money by selling ridiculous call options?,2109,chaserjj,1719458113.0,https://i.redd.it/1tr89qor719d1.png
1dq4dam,Netflix: Breakout or Incoming Double Top and the End of the Bullrun?,41,VictorDWagner,1719528227.0,
1dr7g2i,How do you play the game? ,6,Reading-Inevitable,1719653576.0,
1drtmhe,I‚Äôm bearish on Netflix,629,BlueThumbSC803,1719722617.0,
1dsbn4f,What would you do with 250k right now? ,137,Normal_Commission986,1719781731.0,
1dtbq74,"Paramount hunts for a streaming partner, could kick off a wave of deals ",75,Puginator,1719889532.0,
1dtvt4b,Not a bad gain for the day ,18,drew1027,1719951975.0,https://i.redd.it/5snzg5y906ad1.jpeg
1dv8cjt,NVDA will be a 4 trillion and then 5 trillion market cap company by EOY,0,AdventurousGood5214,1720103574.0,
1dvztl9,Long-term investor gains,2130,drew1027,1720191101.0,https://i.redd.it/msakyjibrpad1.jpeg
1dwaahb,YOLO NFLX ERS. ,27,Androcles_InTheSky,1720218377.0,https://i.redd.it/yyyg7e9f0sad1.jpeg
1dxsudc,What happens to a stock when a company spins off a large size of its business?,155,99posse,1720391238.0,
1dye0im,How to surpass the fear of selling?,19,RainManKnight,1720458051.0,
1dzfcad,$ABNB and $EXPE are Facing Cities Around World Cracking Down on Short-Term Rentals.,25,s1n0d3utscht3k,1720563596.0,https://www.bloomberg.com/news/articles/2024-07-09/airbnb-abnb-vrbo-expe-why-cities-are-cracking-down-on-short-term-rentals
1e0ylij,Delta did not swing enough,10,Pretend_Lock_2869,1720729154.0,https://i.redd.it/lyw9kk287ybd1.jpeg
1e0ypme,Mag 7 hit hard,1266,cachurch2,1720729443.0,https://i.redd.it/3f53m2538ybd1.jpeg
1e0ztki,"Most Anticipated Earnings Releases for the week beginning July 15th, 2024",490,rylar,1720732248.0,https://i.redd.it/s7yu11gfgybd1.jpeg
1e11600,"$15,000 MAG 7 YOLO",19,NeverPullOvertrading,1720735748.0,https://i.redd.it/2s4blh2uqybd1.jpeg
1e1iqsh,Next Week Earnings Releases by Implied Movement,19,___KRIBZ___,1720793713.0,https://i.redd.it/npoy8fl6j3cd1.png
1e1pxll,"I am shorting NFLX into earnings next week, and so can you!",244,WOTEugene,1720811701.0,
1e1ujdl,My Bull Case for AMZN,99,Throwaway907472,1720823359.0,
1e2du3p,Implied Move vs Average Past Move for This Week Earnings Releases,23,___KRIBZ___,1720886507.0,https://i.redd.it/6syiliv37bcd1.png
1e2nrgf,What are your plays for next week?,29,Evening-Development2,1720912747.0,https://i.redd.it/39s6zp35ddcd1.jpeg
1e4a0nv,TKO Q2 Earnings - DD - Part 1 WWE Analysis - Why I am all in on this company!,13,psycho_psymantics,1721087195.0,
1e4p53g,Anyone else having this problem?,0,Winter_Persimmon_890,1721137776.0,
1e578f0,Trading on Stock Splits,4,Lane_MarionMarketing,1721183996.0,
1e5okcs,S&amp;P 500 Sectors Today - This is Why Funds Have Been Dumping Tech Stocks For Weeks,1013,CaspeanSea,1721238600.0,https://i.redd.it/yxdmu58n94dd1.png
1e5omrq,What The Hell Do I Do To Get Much Richer Much Faster? 29M,0,skylersabitch,1721238760.0,
1e5rl6i,Stocks on my watchlist for Thursday,7,Badboyardie,1721245966.0,
1e5s5xg,Today‚Äôs Close üßØüöí‚õΩÔ∏è,411,ZiRoRi,1721247355.0,https://i.redd.it/2wmsptj305dd1.jpeg
1e6b3rq,These are the stocks on my watchlist (7/18) ,2,WinningWatchlist,1721308360.0,
1e6fyqa,"Implied, Average and Last Earnings Move For Tomorrow Releases ",8,___KRIBZ___,1721321063.0,https://i.redd.it/7gfhk6c93bdd1.png
1e6ifzp,Doing what feels like the most obvious choice. NFLX PUT YOLO ,20,Quickoneonit,1721327549.0,
1e6ipxl,Why did random call options that have no chance of hitting go green today for Netflix?,0,Cold-Bandicoot-2474,1721328199.0,https://i.redd.it/q0pxo9uhobdd1.jpeg
1e6j6uv,Ok so this is what you need to know before playing NFLX earnings (prediction inside),36,GrowYourConscious,1721329321.0,
1e6kptq,Netflix earnings are out ‚Äî here are the numbers,380,Puginator,1721333121.0,
1e6lgnb,"Netflix Adds Over 8 Million Customers, Extends Lead Over Rivals",126,RandomGuyNamedChris,1721334978.0,https://www.bloomberg.com/news/articles/2024-07-18/netflix-adds-over-8-million-customers-extends-lead-over-rivals
1e6o6ol,Potential Block Buster Drug,13,slynchwcu,1721342171.0,
1e6puq4,Netflix (up 37% YoY) scraps cheapest ad-free tier for existing customers,252,Similar_Diver9558,1721346689.0,https://www.forbes.com.au/news/lifestyle/netflix-scraps-cheapest-ad-free-tier-for-existing-customers/
1e73j2y,These are the stocks on my watchlist (7/19),3,WinningWatchlist,1721395067.0,
1e75d0w,A Day in the Life of a Full Time Day Trader,3,TrashPandaTradez,1721400016.0,
1e75yg0,Inverted myself on Netflix bearishness ,13,very-social-autist,1721401546.0,https://i.redd.it/aqmvyl8lqhdd1.jpeg
1e76l7f,netflix sisters... loss porn,58,jonnytork,1721403159.0,https://i.redd.it/7b9rzryavhdd1.png
1e7g18d,More Earning's Predictions DD 7/22 - 7/26,20,breakyourteethnow,1721427232.0,
